time/iterations,time/fps,time/time_elapsed,time/total_timesteps,rollout/ep_rew_mean,rollout/ep_len_mean,custom/max_height,custom/current_screen,train/loss,train/clip_fraction,train/entropy_loss,train/learning_rate,train/policy_gradient_loss,train/value_loss,train/explained_variance,train/clip_range,train/approx_kl,train/n_updates
1,1,1592,2048,-75.09687712962965,37.851851851851855,890.0,3,,,,,,,,,,
2,1,3192,4096,-70.05231970707071,40.686868686868685,890.0,3,2724.54931640625,0.001953125,-1.6330027043819428,0.0001,-0.0012028139244648628,3315.5559394836428,0.029803097248077393,0.2,0.0019006991,224
3,1,4872,6144,-50.76612265,33.38,890.0,3,1398.7032470703125,0.00283203125,-1.6525491334497928,0.0001,-0.0024166905233869327,3492.021374511719,0.037731826305389404,0.2,0.0012506545,229
4,1,6586,8192,-50.60455464999999,28.29,890.0,3,2503.34814453125,0.004296875,-1.5747912421822547,0.0001,-0.003012076661980245,6362.465791320801,0.04159337282180786,0.2,0.0016981494,234
5,1,8409,10240,-63.667853640000004,26.83,890.0,3,3724.52099609375,0.00380859375,-1.5979671157896518,0.0001,-0.0027931891730986536,6018.812219238282,0.016037821769714355,0.2,0.0017680952,239
6,1,10169,12288,-1.621982340000003,29.08,890.0,3,4019.166748046875,0.00263671875,-1.5693950407207011,0.0001,-0.0014290361927123741,6333.657711791992,0.01060110330581665,0.2,0.001462271,244
7,1,11943,14336,-3.658108340000001,27.99,786.0,3,3410.503662109375,0.02548828125,-1.5858466073870658,0.0001,-0.005898362364678178,7775.678384399414,0.033631980419158936,0.2,0.0049941866,249
8,1,13823,16384,-41.85234878999999,18.3,786.0,3,3570.6220703125,0.004296875,-1.6068987786769866,0.0001,-0.0025834608866716737,7506.656112670898,0.021770954132080078,0.2,0.0024734926,254
9,1,15660,18432,-2.561702750000003,20.79,890.0,3,5348.58642578125,0.008203125,-1.5259588666260242,0.0001,-0.005213421455118805,9210.776538085938,0.010064840316772461,0.2,0.0020584455,259
10,1,17423,20480,-36.79333575,26.29,890.0,3,7333.29345703125,0.0083984375,-1.5469308100640773,0.0001,-0.0032334380608517676,9432.780981445312,0.03784281015396118,0.2,0.0018412874,264
11,1,19241,22528,-33.07602965,26.64,890.0,3,2216.6083984375,0.00087890625,-1.5900080993771553,0.0001,-0.002000907127512619,6410.372311401367,0.025514304637908936,0.2,0.00068826356,269
12,1,21132,24576,-18.925891540000006,21.29,890.0,3,2944.16943359375,0.00400390625,-1.5462398871779441,0.0001,-0.0015289691335055977,7372.244625854492,0.01371312141418457,0.2,0.0013364025,274
13,1,23023,26624,-19.020185259999998,20.92,890.0,3,4547.814453125,0.0021484375,-1.5051174685359001,0.0001,-0.0014060885150684044,9231.032635498046,0.039286673069000244,0.2,0.0006947922,279
14,1,24834,28672,5.0297544799999985,23.39,1034.0,3,3990.811279296875,0.001171875,-1.5348093509674072,0.0001,-0.0013847540292772464,9043.322201538085,0.047408878803253174,0.2,0.0008685577,284
15,1,26673,30720,33.63844903,22.78,1034.0,3,3586.48193359375,0.0072265625,-1.5381993263959886,0.0001,-0.00391053078637924,8435.076824951171,0.031021177768707275,0.2,0.0016600405,289
16,1,28593,32768,-12.638297730000003,20.09,1034.0,3,4452.38916015625,0.00791015625,-1.5037881545722485,0.0001,-0.0035234053793828934,10038.375775146484,0.04018527269363403,0.2,0.0016222883,294
17,1,30484,34816,19.253868130000004,22.51,890.0,3,4007.045654296875,0.01220703125,-1.4399763636291028,0.0001,-0.003957269847160205,9494.053674316407,0.02491825819015503,0.2,0.002460363,299
18,1,32389,36864,22.33783746000001,17.98,786.0,3,3986.5625,0.006640625,-1.479850571602583,0.0001,-0.002526192905497737,9716.671505737304,0.051017165184020996,0.2,0.0022950182,304
19,1,34303,38912,28.881778069999992,17.92,1034.0,3,6706.578125,0.011328125,-1.4528438314795493,0.0001,-0.004768792050890624,11673.041778564453,0.04528498649597168,0.2,0.0031152791,309
20,1,36263,40960,23.881442809999996,18.95,786.0,3,6458.9208984375,0.00576171875,-1.4070592798292636,0.0001,-0.0026694360247347506,11878.234979248047,0.012351632118225098,0.2,0.0028371166,314
21,1,38215,43008,20.25973342,18.93,890.0,3,5748.83642578125,0.0134765625,-1.428818266093731,0.0001,-0.0030430571408942343,11387.068438720704,0.009780347347259521,0.2,0.0019747103,319
22,1,40140,45056,28.009128490000002,20.73,890.0,3,5299.49365234375,0.007421875,-1.4773582436144352,0.0001,-0.0023781536699971186,11573.908880615234,0.026455223560333252,0.2,0.0014617932,324
23,1,42115,47104,30.852183020000002,19.91,786.0,3,3887.373046875,0.0029296875,-1.4599784173071384,0.0001,-0.0024049979954725133,10245.965167236329,0.042695462703704834,0.2,0.00091102096,329
24,1,44058,49152,31.28551938,18.97,978.0,3,5057.46435546875,0.00478515625,-1.4446492135524749,0.0001,-0.00233827879128512,11166.230651855469,0.012087762355804443,0.2,0.0010212183,334
25,1,46034,51200,47.81918313999999,18.06,1034.0,3,6400.361328125,0.0064453125,-1.479216253757477,0.0001,-0.0018848151172278448,11176.372253417969,0.010853052139282227,0.2,0.0017334396,339
26,1,48078,53248,36.067027440000004,17.49,890.0,3,6660.1865234375,0.0017578125,-1.4439513973891736,0.0001,-0.0008041175140533596,12221.153076171875,0.022949576377868652,0.2,0.0009151349,344
27,1,49962,55296,68.78075693999999,22.9,1034.0,3,6576.892578125,0.0076171875,-1.4458953380584716,0.0001,-0.002927531686145812,12434.84741821289,0.012604951858520508,0.2,0.0018546911,349
28,1,52002,57344,11.232407839999997,18.55,1034.0,3,4531.591796875,0.0171875,-1.4822799794375896,0.0001,-0.0036338531761430206,9328.317141723634,0.017233848571777344,0.2,0.0046669445,354
29,1,53991,59392,13.736447089999999,17.68,890.0,3,5729.5576171875,0.0099609375,-1.447561839222908,0.0001,-0.003333569969981909,11318.386376953125,-0.00025904178619384766,0.2,0.0013506948,359
30,1,55982,61440,27.76393441000001,17.9,890.0,3,5040.83740234375,0.0048828125,-1.4555046193301677,0.0001,-0.001991014459053986,11304.84912109375,0.015595316886901855,0.2,0.0007722661,364
31,1,57977,63488,32.08064374,19.5,890.0,3,6986.30810546875,0.0021484375,-1.4735531032085418,0.0001,-0.0007548104360466823,12363.795697021484,0.0154915452003479,0.2,0.0009305291,369
32,1,59974,65536,36.656738440000005,18.04,890.0,3,5476.5634765625,0.0068359375,-1.452276523411274,0.0001,-0.002698067406890914,11666.449322509765,0.010933160781860352,0.2,0.0012942946,374
33,1,62039,67584,39.65794328000001,19.14,890.0,3,7027.2587890625,0.0072265625,-1.4531247854232787,0.0001,-0.0014519493008265272,11575.17260131836,0.025769531726837158,0.2,0.0014257461,379
34,1,64030,69632,62.99589624,19.34,786.0,3,4512.0107421875,0.01396484375,-1.4427770286798478,0.0001,-0.003289509902242571,11174.75551147461,0.00648653507232666,0.2,0.0023433487,384
35,1,66053,71680,76.26832524,20.36,1034.0,3,5556.89453125,0.013671875,-1.44055357798934,0.0001,-0.0042501390678808095,10938.706372070312,0.033976733684539795,0.2,0.003214375,389
36,1,68113,73728,53.10349671,15.12,890.0,3,5593.4267578125,0.03017578125,-1.4466962575912476,0.0001,-0.00590837633353658,10551.788088989259,0.024590373039245605,0.2,0.004065735,394
37,1,70158,75776,41.61935713,16.48,890.0,3,5865.6416015625,0.0154296875,-1.3931761525571347,0.0001,-0.0029792973888106643,13082.753796386718,0.023070871829986572,0.2,0.002277374,399
38,1,72198,77824,77.26049797,17.03,1034.0,3,6346.3251953125,0.00703125,-1.4074290871620179,0.0001,-0.002715442984481342,13401.972595214844,0.0017579197883605957,0.2,0.0011718244,404
39,1,74216,79872,27.96681401000001,18.43,890.0,3,5643.1728515625,0.0169921875,-1.3973453529179096,0.0001,-0.002595794608350843,12150.492803955078,0.0319100022315979,0.2,0.0024468973,409
40,1,76255,81920,53.000621869999996,21.54,890.0,3,5465.099609375,0.00849609375,-1.432903104275465,0.0001,-0.0008300437475554645,11332.789123535156,0.020592212677001953,0.2,0.0010362607,414
41,1,78336,83968,57.30224307,19.97,890.0,3,5378.8857421875,0.003125,-1.4525560431182385,0.0001,-0.003147066842939239,10245.9388092041,0.028147399425506592,0.2,0.0014751023,419
42,1,80401,86016,81.28860526,19.59,890.0,3,3944.4775390625,0.00478515625,-1.4276751048862935,0.0001,-0.0011055695067625493,11243.462506103515,-0.006178855895996094,0.2,0.0011571585,424
43,1,82476,88064,54.56293084,20.15,890.0,3,5084.5732421875,0.01259765625,-1.445405012369156,0.0001,-0.00043392047518864274,10455.361248779296,0.025965869426727295,0.2,0.0040865666,429
44,1,84622,90112,41.02279013999999,17.56,1034.0,3,6251.58837890625,0.0255859375,-1.440732967853546,0.0001,-0.006643272269866429,10844.056323242188,0.01473003625869751,0.2,0.0029355045,434
45,1,86681,92160,57.654877429999985,20.31,890.0,3,4754.9375,0.00419921875,-1.4383997216820716,0.0001,-0.0014128984621493146,11245.093768310548,0.022115230560302734,0.2,0.001016668,439
46,1,88717,94208,60.34025513,20.09,786.0,3,4913.9345703125,0.0060546875,-1.4413911618292332,0.0001,-0.001629254687577486,10677.852182006836,-0.0038814544677734375,0.2,0.0013734832,444
47,1,90811,96256,60.85586184000001,20.46,1034.0,3,5449.78271484375,0.00703125,-1.4473676927387715,0.0001,-0.002498681267024949,10329.622003173828,0.011661946773529053,0.2,0.0012804365,449
48,1,92861,98304,79.14616054000001,23.36,890.0,3,4957.00244140625,0.010546875,-1.4391981683671475,0.0001,-0.003603492118418217,9798.92286376953,0.015572547912597656,0.2,0.0017637736,454
49,1,94909,100352,58.97873061,19.34,1034.0,3,4140.16650390625,0.00556640625,-1.4251918010413647,0.0001,-0.00028073062130715696,9849.596267700195,0.019112706184387207,0.2,0.001083499,459
50,1,96997,102400,87.16261497,18.17,786.0,3,5396.71630859375,0.01484375,-1.407109060138464,0.0001,-0.0021200132148806007,11057.26039428711,0.017461836338043213,0.2,0.0025370563,464
51,1,99063,104448,50.87910774000001,15.59,1034.0,3,5985.052734375,0.00830078125,-1.3764112532138824,0.0001,-0.002141351922182366,11355.108441162109,0.027030467987060547,0.2,0.0017350954,469
52,1,101121,106496,110.56179595999998,20.45,1034.0,3,5924.88134765625,0.00712890625,-1.364275586605072,0.0001,-0.0015498152817599476,12454.229931640624,0.014451026916503906,0.2,0.0009409046,474
