time/time_elapsed,time/total_timesteps,rollout/ep_rew_mean,custom/max_height,time/fps,custom/current_screen,rollout/ep_len_mean,time/iterations,train/value_loss,train/learning_rate,train/policy_gradient_loss,train/explained_variance,train/loss,train/entropy_loss,train/approx_kl,train/clip_range,train/clip_fraction,train/n_updates
655,2048,-112.44548237931035,9778.0,3,28,70.41379310344827,1,,,,,,,,,,
1314,4096,-94.422823125,9794.0,3,28,72.42857142857143,2,2493.89688949585,0.0001,-0.00423382767039584,-0.0015412569046020508,1083.8865966796875,-0.0733199602807872,0.0008081406,0.2,0.0107421875,5
1968,6144,-83.06279501219512,9794.0,3,28,74.6951219512195,3,2853.38586730957,0.0001,-0.0035631372884381562,0.00964653491973877,1508.8763427734375,-0.073645925312303,0.0009116172,0.2,0.016796875,10
2619,8192,-57.03507618999999,9930.0,3,28,79.28,4,2888.901043701172,0.0001,-0.001037096866639331,0.002577662467956543,1139.4442138671875,-0.07232035244815052,0.0015626027,0.2,0.0208984375,15
3289,10240,-37.19899358000001,9794.0,3,28,80.93,5,3181.1726387023928,0.0001,-0.001819950927165337,-0.008362650871276855,1499.0684814453125,-0.07642494647298008,0.00058080815,0.2,0.00712890625,20
3960,12288,-4.069876600000004,9898.0,3,28,82.58,6,2992.163803100586,0.0001,-0.0009650616470025852,0.004074573516845703,1397.1544189453125,-0.07409534028265626,0.0014380235,0.2,0.01396484375,25
4618,14336,23.419769459999987,9794.0,3,28,83.17,7,3491.131571960449,0.0001,-0.001108088399632834,-0.007372856140136719,1997.572998046875,-0.0842240280820988,0.0007787075,0.2,0.005078125,30
5324,16384,6.607551699999995,9794.0,3,28,81.22,8,3612.0397186279297,0.0001,-0.0007832120172679424,-0.008855462074279785,1798.7562255859375,-0.0766505059436895,0.00032151112,0.2,0.0048828125,35
6005,18432,20.542205199999994,9778.0,3,28,81.4,9,3424.3820014953612,0.0001,-0.0008015106985112652,-0.0016977787017822266,1520.751953125,-0.0807393186725676,0.0013788575,0.2,0.01357421875,40
6674,20480,18.656417419999997,9778.0,3,28,81.57,10,3433.806642150879,0.0001,-0.0021631981362588704,0.002498149871826172,1189.052001953125,-0.07879935294622556,0.000733571,0.2,0.01015625,45
7329,22528,29.874103699999992,9898.0,3,28,82.34,11,3583.700589752197,0.0001,0.0007318586591281928,0.0034950971603393555,2470.62890625,-0.07621706272475422,0.0007530938,0.2,0.00849609375,50
8023,24576,50.141458459999996,9778.0,3,28,83.2,12,3388.027303314209,0.0001,-0.0006937731712241657,0.002884805202484131,2080.973876953125,-0.07181000899290665,0.0013210897,0.2,0.008984375,55
8728,26624,41.21007362999999,9898.0,3,28,84.81,13,3477.9521347045898,0.0001,-0.002176423204946332,0.0033304691314697266,2106.227294921875,-0.0816074536414817,0.0011809825,0.2,0.00703125,60
9398,28672,49.147506459999995,9994.0,3,28,84.45,14,3258.641658782959,0.0001,-0.0019968266627984122,0.0014998912811279297,1657.435791015625,-0.08806940120412036,0.002717779,0.2,0.0265625,65
10062,30720,38.22658343999999,9794.0,3,28,84.99,15,3376.4484924316407,0.0001,-0.0016864552861079573,0.010701537132263184,1572.4932861328125,-0.09505878805939574,0.00093552074,0.2,0.00888671875,70
10727,32768,49.95533046999999,9930.0,3,28,84.34,16,3322.4698974609373,0.0001,-0.0014024252275703474,0.01029658317565918,2013.320556640625,-0.08934705184074118,0.0007231199,0.2,0.003515625,75
11409,34816,64.24550190999999,9994.0,3,28,84.62,17,3301.334398651123,0.0001,-0.0018704490437812637,0.01881343126296997,1193.483154296875,-0.10205181145574897,0.0012183557,0.2,0.0138671875,80
12076,36864,64.76480882999999,9994.0,3,28,84.55,18,3185.600704956055,0.0001,-0.0006898012099554763,0.01187199354171753,1728.5550537109375,-0.08297086581587791,0.0008293821,0.2,0.00654296875,85
12741,38912,89.96596062999998,9994.0,3,28,83.07,19,3207.3487770080565,0.0001,-0.0004856131796259433,0.029053151607513428,1598.3795166015625,-0.08361100805923342,0.0005607292,0.2,0.00390625,90
13430,40960,93.48308813,9930.0,3,28,84.5,20,3130.6765464782716,0.0001,-4.753204411827028e-05,0.031108558177947998,1125.6416015625,-0.08715596621623263,0.0006968219,0.2,0.0021484375,95
14087,43008,78.72461420999998,9994.0,3,28,83.38,21,3026.544886016846,0.0001,0.00026857296033995227,0.024747133255004883,794.2793579101562,-0.098524014884606,0.0008852243,0.2,0.0029296875,100
14741,45056,53.075253379999985,9794.0,3,28,84.04,22,3412.9815872192385,0.0001,-0.0009068514875252732,0.01320427656173706,1384.852783203125,-0.07328164250357076,0.0006941204,0.2,0.00498046875,105
15417,47104,29.463881259999997,9794.0,3,28,83.61,23,3321.835755157471,0.0001,-0.0002935500568128191,0.0027494430541992188,1582.525146484375,-0.07936861865455284,0.00064623414,0.2,0.00625,110
16095,49152,46.65190240999999,9794.0,3,28,84.12,24,3427.8892013549803,0.0001,-0.000903208029922098,0.020624220371246338,1987.9610595703125,-0.08783416368532926,0.0008616117,0.2,0.00634765625,115
16755,51200,61.68898464000001,9778.0,3,28,84.64,25,2648.676473236084,0.0001,-0.0011770772413001395,0.09714758396148682,768.555419921875,-0.09027703290339559,0.00062962587,0.2,0.0041015625,120
17431,53248,91.13242053999998,9994.0,3,28,84.41,26,2944.5318519592283,0.0001,-0.0017158324946649373,0.04653400182723999,2024.891357421875,-0.0777031188714318,0.0011158722,0.2,0.00849609375,125
18102,55296,102.93564945999998,9778.0,3,28,84.5,27,2507.5458591461183,0.0001,-0.00025543528026901187,0.0491294264793396,1347.44921875,-0.07760117566213012,0.0003760223,0.2,0.0015625,130
18802,57344,82.17544252999998,9794.0,3,28,84.2,28,3257.712895965576,0.0001,0.00057996186951641,0.00875169038772583,765.294921875,-0.0680582413682714,0.00062631036,0.2,0.0080078125,135
19484,59392,81.53322881999999,9898.0,3,28,83.75,29,2893.6522132873533,0.0001,-0.0018649104109499603,0.07871800661087036,1185.69970703125,-0.08130836029304192,0.0007686863,0.2,0.01279296875,140
20173,61440,73.71468899,9794.0,3,28,84.63,30,3056.7450424194335,0.0001,-0.000249235681258142,0.06206005811691284,921.2024536132812,-0.08532508322969079,0.0005715417,0.2,0.00576171875,145
20835,63488,80.56969075000002,9994.0,3,28,84.84,31,3173.2069732666014,0.0001,-0.0009260606486350298,0.03781735897064209,1337.53173828125,-0.07738030049949884,0.00078485813,0.2,0.008984375,150
21527,65536,84.98553591,9994.0,3,28,84.41,32,3042.2650787353514,0.0001,-0.0006346454028971493,0.050383806228637695,1277.246826171875,-0.06782031997572631,0.0013547968,0.2,0.009765625,155
22185,67584,96.12998655999999,9898.0,3,28,83.09,33,2809.980072402954,0.0001,-0.0003100278161582537,0.10005801916122437,976.8059692382812,-0.07083042655140162,0.0006260576,0.2,0.00390625,160
22868,69632,114.78579259000001,9778.0,3,28,81.29,34,2506.971389389038,0.0001,-0.00047058679920155557,0.11700063943862915,881.388671875,-0.06795345427235588,0.0011093218,0.2,0.00595703125,165
23548,71680,143.21616609999998,9930.0,3,28,81.18,35,2386.499757385254,0.0001,-0.0004082480547367595,0.12082087993621826,1000.6862182617188,-0.08040356531273574,0.00043277617,0.2,0.00185546875,170
24261,73728,139.20568823000002,9898.0,3,28,83.21,36,1866.8109405517578,0.0001,-0.0015725166369520594,0.14957362413406372,889.4562377929688,-0.07727177904453128,0.0006001961,0.2,0.00517578125,175
24960,75776,138.58122595999998,9794.0,3,28,85.72,37,2847.6912109375,0.0001,-0.0009818772028665989,0.018944919109344482,1206.1224365234375,-0.0804603383061476,0.0007466437,0.2,0.01083984375,180
25651,77824,116.25005794,9794.0,3,28,85.75,38,2649.293114852905,0.0001,0.0004435780021594837,0.028380990028381348,683.80224609375,-0.08073160345666111,0.0014444964,0.2,0.01279296875,185
26339,79872,119.72938793999998,9898.0,3,28,85.3,39,3361.513092624154,0.0001,-0.0014001027218238185,0.02778249979019165,2532.058349609375,-0.08672989371001341,0.0032821277,0.2,0.012738853503184714,190
27068,81920,134.40747621999998,9898.0,3,28,83.68,40,2060.540469741821,0.0001,-0.0005039705749368296,0.1438518762588501,829.6005859375,-0.10092878516297787,0.0004857915,0.2,0.00341796875,195
27770,83968,121.04227406,9794.0,3,28,80.91,41,1784.035958480835,0.0001,-0.00039845811552368103,0.19623857736587524,1175.088134765625,-0.10114299613051117,0.000980404,0.2,0.0076171875,200
28467,86016,132.36162804000003,9778.0,3,28,81.31,42,2999.28791847229,0.0001,-0.001380614677327685,0.05110812187194824,2270.004638671875,-0.08858236426021904,0.0006375227,0.2,0.00576171875,205
29167,88064,120.98820479000001,9794.0,3,28,79.7,43,2803.90185508728,0.0001,-0.0002509527315851301,0.06450796127319336,1610.4749755859375,-0.09040883001871407,0.0016299745,0.2,0.005078125,210
29894,90112,124.66537081999999,9794.0,3,28,80.39,44,2462.2152725219726,0.0001,-0.002183613265515305,0.16430532932281494,775.9284057617188,-0.09232214756775647,0.0007748009,0.2,0.00546875,215
30646,92160,114.00749740000003,9898.0,3,28,79.27,45,1871.0372406005858,0.0001,-0.000611958828085335,0.21909451484680176,1671.5899658203125,-0.10676090726628899,0.0022368317,0.2,0.0140625,220
31366,94208,122.82380967,9898.0,3,28,76.51,46,4167.349475097656,0.0001,-0.001467446333845146,0.017551124095916748,2394.31005859375,-0.09394823585171252,0.0008283125,0.2,0.0095703125,225
32087,96256,127.18300539,9930.0,2,28,77.73,47,1781.2053018569945,0.0001,-0.0009270762689993717,0.3502255082130432,412.0443115234375,-0.09555759467184544,0.00018490406,0.2,0.00185546875,230
32854,98304,143.70133904000005,9778.0,2,28,75.8,48,1797.0388788223268,0.0001,-0.0012880475260317326,0.25676029920578003,1218.04541015625,-0.10620047058910131,0.000802014,0.2,0.00791015625,235
33631,100352,170.09134927000002,9794.0,2,28,78.14,49,1112.9430561065674,0.0001,-0.0004781768366228789,0.38930028676986694,608.7422485351562,-0.11021197575610131,0.00062183273,0.2,0.00341796875,240
34355,102400,147.95019558,9778.0,2,28,77.43,50,1805.079023361206,0.0001,-0.00045901192497694866,0.11610084772109985,711.3514404296875,-0.10698575689457357,0.0013387988,0.2,0.00654296875,245
35085,104448,122.79438204,9898.0,2,28,78.17,51,3630.2187522888185,0.0001,-0.002150727696425747,0.08157616853713989,675.1717529296875,-0.09255943179596215,0.0008509444,0.2,0.00703125,250
35836,106496,93.85454503000001,9794.0,2,28,77.94,52,3027.93835144043,0.0001,-0.0003811208604020067,0.07023745775222778,1257.84814453125,-0.09401278842706233,0.00025456655,0.2,0.00302734375,255
36553,108544,79.72494655,9794.0,2,28,78.19,53,3275.1897987365724,0.0001,-0.0010498604038730263,0.0850367546081543,2036.887451171875,-0.0953789642895572,0.00061607605,0.2,0.0064453125,260
