custom/max_height,time/total_timesteps,rollout/ep_len_mean,time/iterations,custom/current_screen,rollout/ep_rew_mean,time/time_elapsed,time/fps,train/explained_variance,train/value_loss,train/clip_range,train/approx_kl,train/entropy_loss,train/clip_fraction,train/learning_rate,train/n_updates,train/policy_gradient_loss,train/loss
12658.0,2048,5.11,1,36,-57.278415100000004,3105,0,,,,,,,,,,
12714.0,4096,5.49,2,36,-62.342288800000006,6035,0,0.2901248335838318,1797.4372444152832,0.2,0.00685963,-2.211400140821934,0.0318359375,0.0001,282,-0.006219989119563252,1078.8157958984375
12658.0,6144,5.57,3,36,-57.18908430999999,9145,0,0.2707558870315552,1735.7996383666991,0.2,0.0028493498,-2.193375091254711,0.00029296875,0.0001,287,-0.0035343014256795867,806.8363647460938
12658.0,8192,5.9,4,36,-60.08304116,12148,0,0.27208930253982544,1693.2924598693849,0.2,0.002665535,-2.1967403292655945,0.00693359375,0.0001,292,-0.006653467693831771,852.3700561523438
12658.0,10240,4.92,5,36,-65.10594971,15249,0,0.21587437391281128,2086.4203979492186,0.2,0.0034664744,-2.186122865974903,0.00068359375,0.0001,297,-0.005278448120225221,733.700439453125
12658.0,12288,5.87,6,36,-56.331103389999996,18306,0,0.2187175750732422,1826.3095924377442,0.2,0.0062365355,-2.1744213864207267,0.02177734375,0.0001,302,-0.0037606226949719714,608.7845458984375
12658.0,14336,6.47,7,36,-53.18155647,21468,0,0.21636497974395752,1981.0028709411622,0.2,0.00444963,-2.1874924510717393,0.0078125,0.0001,307,-0.004418554584844969,825.9053955078125
12658.0,16384,5.58,8,36,-55.849211280000006,24537,0,0.23986965417861938,2130.7426719665527,0.2,0.0028147097,-2.190991109609604,0.00693359375,0.0001,312,-0.005536843655863777,1135.65380859375
12786.0,18432,5.83,9,36,-54.12375563,27610,0,0.23292720317840576,2330.525640106201,0.2,0.0056172684,-2.1807619735598562,0.0228515625,0.0001,317,-0.006248477444751188,945.8626708984375
12714.0,20480,5.65,10,36,-50.652668590000005,30752,0,0.263075590133667,2446.7715339660645,0.2,0.008199239,-2.2021214365959167,0.04423828125,0.0001,322,-0.006572234010673128,1949.717529296875
12658.0,22528,5.67,11,36,-61.66841579000001,33890,0,0.1846422553062439,2586.6462638854982,0.2,0.0016706423,-2.194920702278614,0.0,0.0001,327,-0.0037258322074194437,935.240966796875
12715.57,24576,6.69,12,36,-59.11834873,36679,0,0.2847544550895691,1984.6796184539794,0.2,0.0049213828,-2.198235994577408,0.015234375,0.0001,332,-0.004834789861342869,1159.7216796875
12658.0,26624,5.87,13,36,-56.834789390000005,39635,0,0.17807817459106445,2613.2054084777833,0.2,0.0032539454,-2.1832478016614916,0.00546875,0.0001,337,-0.00423393702658359,1147.096923828125
12658.0,28672,5.47,14,36,-59.29519202,42618,0,0.1761271357536316,2694.7611549377443,0.2,0.0021623378,-2.185179406404495,0.005078125,0.0001,342,-0.004652020719368011,1171.0064697265625
12890.0,30720,5.9,15,36,-49.06241893000001,45729,0,0.1809343695640564,2675.2732276916504,0.2,0.0020122183,-2.1771536752581597,0.0,0.0001,347,-0.005727621426922269,1585.9407958984375
12658.0,32768,6.15,16,36,-55.45960894999999,48723,0,0.23374074697494507,2507.8221549987793,0.2,0.0025527193,-2.175607070326805,0.004296875,0.0001,352,-0.005530054803239181,1541.4521484375
12658.0,34816,5.83,17,36,-61.10776872,51816,0,0.20122677087783813,2548.91282043457,0.2,0.0034287185,-2.1536237433552743,0.00234375,0.0001,357,-0.004709712631301955,1323.8936767578125
12658.0,36864,7.0,18,36,-52.15675831999999,54607,0,0.18057793378829956,3105.652409362793,0.2,0.005915326,-2.160270628333092,0.01767578125,0.0001,362,-0.004999250278342515,989.9041748046875
12890.0,38912,6.76,19,36,-48.17424895000001,57525,0,0.19578051567077637,2852.936039733887,0.2,0.004064776,-2.162110096216202,0.02060546875,0.0001,367,-0.004940093366894871,1593.45849609375
12658.0,40960,5.95,20,36,-58.882011569999996,60460,0,0.20150017738342285,2831.055672454834,0.2,0.0066751596,-2.1785615772008895,0.05673828125,0.0001,372,-0.00563057710241992,1701.766845703125
12658.0,43008,7.08,21,36,-37.57137234,63372,0,0.19395697116851807,2517.7176971435547,0.2,0.0049258852,-2.169485466182232,0.0138671875,0.0001,377,-0.008982858847593889,895.611083984375
12658.0,45056,6.16,22,36,-58.06274507,66229,0,0.18058735132217407,3204.3243659973145,0.2,0.0027574159,-2.1675101280212403,0.00205078125,0.0001,382,-0.005285779348923825,1664.6846923828125
12714.0,47104,6.4,23,36,-57.745421189999995,69105,0,0.20065593719482422,2760.522449493408,0.2,0.0021942593,-2.163404978811741,0.003515625,0.0001,387,-0.0036030924791703002,1221.1942138671875
12714.0,49152,7.52,24,36,-44.826221489999995,71973,0,0.21410566568374634,2627.206076812744,0.2,0.0031522496,-2.1658766210079192,0.001953125,0.0001,392,-0.0019390959932934493,893.12353515625
12714.0,51200,5.78,25,36,-59.14346939999999,74856,0,0.16596925258636475,3313.771983337402,0.2,0.003435511,-2.1664743557572366,0.01318359375,0.0001,397,-0.005426095437724143,1644.8565673828125
12722.0,53248,6.45,26,36,-45.207894559999986,77929,0,0.15278160572052002,3242.00270690918,0.2,0.0045213494,-2.148837910592556,0.015234375,0.0001,402,-0.007778586706263013,1222.074462890625
12658.0,55296,6.78,27,36,-46.20300521999999,80824,0,0.2110709547996521,2660.8468482971193,0.2,0.002940462,-2.150538723170757,0.00380859375,0.0001,407,-0.0038148996769450604,1280.5093994140625
12658.0,57344,7.36,28,36,-45.57527071000001,83704,0,0.2367374300956726,2666.2405067443847,0.2,0.002218008,-2.147675597667694,9.765625e-05,0.0001,412,-0.0045854650932597,1124.55419921875
12714.0,59392,6.37,29,36,-54.79427229000001,86505,0,0.20475047826766968,3016.1794624328613,0.2,0.004510061,-2.1452391028404234,0.00947265625,0.0001,417,-0.0027064822294050827,1465.480712890625
12658.0,61440,7.16,30,36,-52.18917998999999,89188,0,0.2005319595336914,2927.9746910095214,0.2,0.0042482005,-2.1316232323646545,0.0298828125,0.0001,422,-0.008167560838046484,1360.8558349609375
12714.0,63488,7.23,31,36,-53.296320650000006,91965,0,0.18944859504699707,3305.5285461425783,0.2,0.003735952,-2.121517889201641,0.0142578125,0.0001,427,-0.003567779588047415,1918.61572265625
12658.0,65536,6.66,32,36,-60.527209369999994,94772,0,0.19898688793182373,2827.3009506225585,0.2,0.0034877835,-2.1239042401313784,0.01328125,0.0001,432,-0.005164401239017025,1441.1334228515625
12658.0,67584,7.57,33,36,-42.09352456000001,97525,0,0.20733070373535156,3358.519380187988,0.2,0.0049514044,-2.1316098988056185,0.01884765625,0.0001,437,-0.006364014552673325,1984.20703125
12658.0,69632,6.06,34,36,-59.06919705999999,100451,0,0.18322181701660156,3251.9525352478026,0.2,0.002431306,-2.123726812005043,0.00654296875,0.0001,442,-0.003689885608037002,1316.5712890625
12658.0,71680,7.34,35,36,-40.65079996,103290,0,0.18117588758468628,3253.582888031006,0.2,0.0026565515,-2.1236762553453445,0.01455078125,0.0001,447,-0.004504682309925556,2005.172119140625
12658.0,73728,7.17,36,36,-56.96644486,106005,0,0.22332078218460083,2869.3516624450685,0.2,0.0020148186,-2.1300228238105774,0.00224609375,0.0001,452,-0.0026789102819748225,1382.7763671875
12658.0,75776,6.65,37,36,-43.81421765,108760,0,0.1727994680404663,3356.3308975219725,0.2,0.00528739,-2.119536507129669,0.0169921875,0.0001,457,-0.007095764699624851,1791.9595947265625
12722.0,77824,7.26,38,36,-52.60970932,111600,0,0.18611496686935425,3565.492057800293,0.2,0.0035493905,-2.119983786344528,0.0130859375,0.0001,462,-0.005166743471636437,1901.11669921875
12722.0,79872,6.75,39,36,-49.00089279999998,114379,0,0.21384721994400024,3077.0998153686523,0.2,0.002074293,-2.1109207436442374,0.00263671875,0.0001,467,-0.003261598863173276,1070.1671142578125
12658.0,81920,6.91,40,36,-45.9515704,117161,0,0.1563471555709839,4524.424723815918,0.2,0.0036692468,-2.112311640381813,0.01923828125,0.0001,472,-0.003935041054501198,4416.3125
12656.74,83968,7.31,41,36,-43.78975917,119904,0,0.2393626570701599,3013.9436614990236,0.2,0.002251596,-2.125179773569107,0.0052734375,0.0001,477,-0.001340612415515352,1607.0599365234375
12658.0,86016,6.64,42,36,-49.20673972,122734,0,0.21736466884613037,3222.542589569092,0.2,0.00435772,-2.127713592350483,0.01455078125,0.0001,482,-0.003936980069556739,1436.737548828125
12658.0,88064,6.32,43,36,-50.873052720000004,125544,0,0.23566794395446777,3002.3257972717283,0.2,0.0028576618,-2.1429560765624047,0.001171875,0.0001,487,-0.0034740441318717786,1091.08251953125
12722.0,90112,6.94,44,36,-45.57533316000001,128292,0,0.1836490035057068,3659.2221954345705,0.2,0.0034324531,-2.128444768488407,0.00439453125,0.0001,492,-0.0036369007284520194,2272.134521484375
