custom/current_screen,time/fps,rollout/ep_len_mean,time/time_elapsed,rollout/ep_rew_mean,time/iterations,custom/max_height,time/total_timesteps,train/explained_variance,train/entropy_loss,train/policy_gradient_loss,train/loss,train/value_loss,train/clip_fraction,train/n_updates,train/approx_kl,train/learning_rate,train/clip_range
3,0,2.35,3671,-150.63232621,1,786.0,2048,,,,,,,,,,
3,0,3.23,6797,-148.86790399,2,786.0,4096,-0.0005670785903930664,-2.064798672993978,-0.0501935216943147,7815.80126953125,16809.737767650462,0.2777777777777778,5,0.023140177,0.0001,0.2
3,0,3.38,9793,-149.39675146,3,786.0,6144,0.0038663148880004883,-2.0225950568914413,-0.03849778442527167,6342.2099609375,13376.212280273438,0.18359375,10,0.015948845,0.0001,0.2
3,0,4.59,12548,-148.4946005,4,786.0,8192,0.00015532970428466797,-1.9620159648358821,-0.036338006000733,5928.10595703125,12217.714971923828,0.17197265625,15,0.0127243735,0.0001,0.2
3,0,4.53,14968,-149.49761277,5,786.0,10240,-2.09808349609375e-05,-1.8844548612833023,-0.04043559156707488,5379.39453125,11076.612188720703,0.18115234375,20,0.014762247,0.0001,0.2
3,0,6.93,17111,-146.82468744999997,6,786.0,12288,0.01209646463394165,-1.8359521582722664,-0.02020105952396989,4280.35302734375,9292.664828491212,0.06787109375,25,0.006983518,0.0001,0.2
3,0,7.25,19104,-146.96720349,7,786.0,14336,7.808208465576172e-06,-1.7501006111502648,-0.028047141220304182,3918.83837890625,7826.306231689453,0.091015625,30,0.014493671,0.0001,0.2
3,0,8.78,20821,-143.97431805999997,8,890.0,16384,3.2961368560791016e-05,-1.700190743803978,-0.018644397164462135,3446.244384765625,6977.028030395508,0.0478515625,35,0.0061676055,0.0001,0.2
3,0,9.61,22478,-146.25326384000002,9,890.0,18432,6.020069122314453e-06,-1.6444560125470162,-0.016534430262981913,2743.544921875,5852.408633422851,0.0431640625,40,0.008544337,0.0001,0.2
3,0,12.13,23958,-143.9557805,10,890.0,20480,-0.0004898309707641602,-1.600002719461918,-0.020313435688149185,2209.99609375,5407.879956054688,0.07841796875,45,0.012133069,0.0001,0.2
3,0,15.24,25383,-139.53911844,11,890.0,22528,4.351139068603516e-06,-1.5699053682386874,-0.017140842141816392,1531.9384765625,3582.0652236938477,0.0498046875,50,0.006902892,0.0001,0.2
3,0,17.92,26752,-140.73008781,12,890.0,24576,-9.775161743164062e-06,-1.5702865824103356,-0.01404740649741143,1085.4615478515625,2918.7881820678713,0.05107421875,55,0.005713676,0.0001,0.2
3,0,21.61,28094,-137.63015578,13,786.0,26624,-2.6226043701171875e-06,-1.57035408988595,-0.015335988969309256,1180.168701171875,2286.1582527160645,0.0529296875,60,0.007573057,0.0001,0.2
3,0,30.73,29275,-137.43611449,14,890.0,28672,-1.0609626770019531e-05,-1.5525137141346932,-0.010555280739208684,779.7929077148438,1871.2334449768066,0.0529296875,65,0.0074039996,0.0001,0.2
3,1,33.57,30491,-138.46207557999998,15,890.0,30720,-9.059906005859375e-06,-1.5508285902440548,-0.0094971512502525,556.6864013671875,1472.985562133789,0.08271484375,70,0.010481973,0.0001,0.2
3,1,38.1,31758,-142.60402413000003,16,786.0,32768,-1.1920928955078125e-07,-1.5886399075388908,-0.009395491174655036,637.1714477539062,1294.4720500946046,0.084375,75,0.010824715,0.0001,0.2
3,1,45.23,32992,-146.54957192,17,890.0,34816,-2.1457672119140625e-06,-1.6106091558933258,-0.009361544917919674,557.6177368164062,1394.6737873077393,0.1078125,80,0.008125827,0.0001,0.2
3,1,46.15,34355,-145.47074133,18,890.0,36864,-4.76837158203125e-06,-1.6326207366644168,-0.0015479859749914385,564.692626953125,1041.1890240837547,0.0739889705882353,84,0.021076702,0.0001,0.2
3,1,42.43,35621,-140.55120302999998,19,890.0,38912,1.0132789611816406e-06,-1.619440719485283,-0.011715261393692344,594.2879638671875,951.947732925415,0.08134765625,89,0.011131976,0.0001,0.2
3,1,43.65,36810,-141.99677402,20,890.0,40960,4.291534423828125e-06,-1.613060760498047,0.008480978198349476,386.2068176269531,1185.013720703125,0.0171875,90,0.010675475,0.0001,0.2
3,1,48.88,38148,-150.49585134000003,21,890.0,43008,7.748603820800781e-07,-1.6218838399770308,-0.0010431173992450952,568.3300170898438,1007.5194720832669,0.1292517006802721,95,0.018622082,0.0001,0.2
3,1,52.6,39654,-152.48145317,22,890.0,45056,3.5762786865234375e-06,-1.6239177042787725,-0.0016135220542888749,448.1336669921875,815.3329974087802,0.07350852272727272,97,0.013287107,0.0001,0.2
3,1,53.71,41043,-153.63377893999998,23,890.0,47104,2.2649765014648438e-06,-1.6357383393880092,-0.0070685615946510525,460.4013366699219,784.7003303296639,0.12902462121212122,102,0.021236926,0.0001,0.2
3,1,53.44,42498,-157.39383446999997,24,890.0,49152,5.9604644775390625e-06,-1.5960295005984928,0.0035767662440143204,398.4548645019531,845.0445125413978,0.1487771739130435,105,0.015149696,0.0001,0.2
3,1,55.67,43738,-158.65552885999998,25,890.0,51200,1.1682510375976562e-05,-1.6047160290181637,-0.005258240894181654,399.86383056640625,755.6585941314697,0.086328125,110,0.010692975,0.0001,0.2
3,1,59.32,45011,-162.44879239,26,1034.0,53248,0.0030618906021118164,-1.6113652992248535,0.014260465018451214,292.6409912109375,764.0732641601562,0.14375,111,0.009606918,0.0001,0.2
3,1,57.72,46487,-162.40109941999998,27,890.0,55296,0.002320408821105957,-1.5973115682601928,-0.0038085248476515212,763.722412109375,887.9739624023438,0.15416666666666667,113,0.015855698,0.0001,0.2
3,1,52.92,47817,-157.43334151999997,28,890.0,57344,0.005862534046173096,-1.6363498593719912,-0.0035642567877723296,304.33282470703125,901.6430423360475,0.11443661971830986,116,0.01837808,0.0001,0.2
3,1,56.13,49240,-160.44689886999998,29,890.0,59392,0.009045243263244629,-1.6522949302897734,0.0034532006008221824,397.9954833984375,671.8942314596737,0.02665441176470588,117,0.0055751177,0.0001,0.2
3,1,58.68,50729,-158.02303964,30,890.0,61440,0.013022005558013916,-1.6678728319704532,-0.0025639476720243693,334.76629638671875,649.3205600738526,0.11142578125,122,0.012645872,0.0001,0.2
3,1,59.23,52187,-157.32970943,31,786.0,63488,0.03730207681655884,-1.6664590016007423,-0.00272768363065552,311.5914306640625,545.3461135864258,0.0751953125,127,0.009495869,0.0001,0.2
3,1,57.34,53591,-157.0443125,32,890.0,65536,0.06891798973083496,-1.6690712959870049,0.004966169960148956,268.905517578125,537.7181549072266,0.07116168478260869,130,0.014788262,0.0001,0.2
3,1,53.51,55117,-158.18365071,33,890.0,67584,0.07265317440032959,-1.6713745453778435,0.0034744996467933934,192.0373077392578,505.00052597943477,0.140625,131,0.009534221,0.0001,0.2
3,1,51.13,56620,-160.41447906,34,786.0,69632,0.05064934492111206,-1.6561170555651188,-0.0035946160089224575,280.2540283203125,760.1964887619018,0.08212890625,136,0.007819143,0.0001,0.2
3,1,53.48,58055,-160.50933867,35,890.0,71680,0.058116793632507324,-1.6571806994351475,0.0014296718449755149,338.6793212890625,588.8740511807529,0.014204545454545454,137,0.0055113854,0.0001,0.2
3,1,57.79,59441,-164.34660645,36,890.0,73728,0.09145212173461914,-1.6502878434956074,-0.0036199932568706573,205.01905822753906,519.3298471450805,0.08369140625,142,0.007481703,0.0001,0.2
3,1,66.69,61068,-169.02746272000002,37,786.0,75776,0.10085314512252808,-1.6466323073421205,0.0007202796280450587,292.1035461425781,522.205006463187,0.10477120535714286,146,0.013059366,0.0001,0.2
3,1,70.53,62579,-173.99014221999997,38,890.0,77824,0.07203102111816406,-1.6458572275936603,-0.0038375820848159494,262.0197448730469,1000.7268336296081,0.07333984375,151,0.007324217,0.0001,0.2
3,1,69.16,63998,-173.61180351,39,890.0,79872,0.13198280334472656,-1.633681485056877,-0.00519663468876388,187.70217895507812,619.2924514770508,0.14453125,156,0.010141875,0.0001,0.2
3,1,71.9,65438,-180.42528219999997,40,890.0,81920,0.2133580446243286,-1.6307348966598512,-0.006748570103081874,140.6127166748047,429.1339562416077,0.12275390625,161,0.010755127,0.0001,0.2
3,1,69.34,66768,-173.90294159999996,41,890.0,83968,0.20419096946716309,-1.653696582430885,-0.00012888222016275874,293.3486328125,426.0207359677269,0.17807539682539683,163,0.012432002,0.0001,0.2
3,1,71.29,68153,-172.45131871,42,890.0,86016,0.22429817914962769,-1.6081635855859326,-0.0026463381044806973,232.2910919189453,435.6791726389239,0.05015120967741935,165,0.008925659,0.0001,0.2
3,1,70.1,69569,-165.64420604000003,43,890.0,88064,0.23057609796524048,-1.6350682519376278,-0.003309718516538851,230.04527282714844,406.32782011032106,0.09697265625,170,0.010288164,0.0001,0.2
3,1,74.19,70874,-169.02401211,44,890.0,90112,0.11764723062515259,-1.6342485254461114,0.0008465949784625661,212.63748168945312,975.1013977050782,0.06647727272727273,172,0.009486884,0.0001,0.2
