time/iterations,custom/max_height,rollout/ep_len_mean,time/time_elapsed,time/fps,rollout/ep_rew_mean,custom/current_screen,time/total_timesteps,train/approx_kl,train/loss,train/learning_rate,train/entropy_loss,train/value_loss,train/clip_range,train/policy_gradient_loss,train/n_updates,train/explained_variance,train/clip_fraction
1,90.0,2.62,3547,0,-154.02399999999997,1,2048,,,,,,,,,,
2,90.0,2.67,6993,0,-152.32199999999995,1,4096,0.011664478,9501.490234375,0.0001,-3.326020027697086,22060.425231933594,0.2,-0.0374328407284338,5,-0.0024150609970092773,0.14248046875
3,90.0,3.21,10166,0,-146.49599999999998,1,6144,0.0128734615,9129.587890625,0.0001,-3.3004576936364174,19066.406872558593,0.2,-0.044775796367321166,10,-0.016138911247253418,0.17421875
4,90.0,3.58,13151,0,-147.38199999999995,1,8192,0.014238019,8442.4365234375,0.0001,-3.254104179143906,17029.753527832032,0.2,-0.041280597582226616,15,-0.006183505058288574,0.148046875
5,90.0,4.57,16038,0,-146.06199999999995,1,10240,0.0148661,7143.06298828125,0.0001,-3.1809278175234796,14978.502044677734,0.2,-0.04129147562198341,20,-0.0016127824783325195,0.167578125
6,90.0,6.62,18839,0,-140.14599999999996,1,12288,0.011858201,6610.77294921875,0.0001,-3.1098678767681123,13719.992449951173,0.2,-0.03540777181624435,25,-0.0011001825332641602,0.127734375
7,90.0,8.67,21602,0,-138.878,1,14336,0.011625848,5590.07568359375,0.0001,-3.0191460877656935,11911.809814453125,0.2,-0.034067893921746875,30,-0.0002598762512207031,0.13310546875
8,90.0,9.24,24411,0,-136.02399999999997,1,16384,0.010372296,5258.1494140625,0.0001,-2.93466537296772,9930.04799194336,0.2,-0.023575045354664325,35,-0.000278472900390625,0.07216796875
9,90.0,11.81,27279,0,-133.53199999999995,1,18432,0.009419145,4270.08837890625,0.0001,-2.8463083446025848,9194.745852661134,0.2,-0.022236608806997536,40,-7.271766662597656e-06,0.0595703125
10,186.0,11.97,30183,0,-131.38999999999996,1,20480,0.008749534,4055.47607421875,0.0001,-2.7582628443837165,7731.201956176757,0.2,-0.017442037200089543,45,-0.00010013580322265625,0.04814453125
11,90.0,17.44,33112,0,-123.68799999999996,1,22528,0.009865369,3398.40185546875,0.0001,-2.676522766053677,7484.567236328125,0.2,-0.02033916241489351,50,-3.635883331298828e-05,0.04599609375
12,186.0,21.89,35967,0,-130.976,1,24576,0.011470661,2745.899658203125,0.0001,-2.6520963057875635,5488.464904785156,0.2,-0.01636700354865752,55,-0.0001163482666015625,0.0537109375
13,186.0,21.2,38690,0,-129.86999999999998,1,26624,0.010170316,2247.298583984375,0.0001,-2.5958133533596994,4928.233187866211,0.2,-0.01847557320143096,60,-4.017353057861328e-05,0.06455078125
14,186.0,25.1,41417,0,-133.54,1,28672,0.008653386,2532.87353515625,0.0001,-2.542458438873291,4406.565037536621,0.2,-0.01657108647050336,65,-6.961822509765625e-05,0.0423828125
15,90.0,33.9,44239,0,-131.86999999999998,1,30720,0.010641068,2458.109375,0.0001,-2.482716108858585,3944.552101135254,0.2,-0.01302617598848883,70,-1.633167266845703e-05,0.04970703125
16,186.0,35.51,47066,0,-132.98399999999995,1,32768,0.010398389,1234.4847412109375,0.0001,-2.4575645446777346,2804.801463317871,0.2,-0.010676660886383615,75,-1.0728836059570312e-05,0.0646484375
17,186.0,39.27,49905,0,-136.16599999999997,1,34816,0.009849656,857.1326293945312,0.0001,-2.4273265272378923,2806.823049926758,0.2,-0.014789573589223438,80,-2.574920654296875e-05,0.0626953125
18,90.0,43.6,52826,0,-136.53199999999998,1,36864,0.01203123,1216.4886474609375,0.0001,-2.418881656229496,2177.214475250244,0.2,-0.013225794123718515,85,-1.71661376953125e-05,0.11083984375
19,90.0,38.45,55451,0,-134.88399999999996,1,38912,0.009546671,1102.8677978515625,0.0001,-2.436096140742302,2317.739247894287,0.2,-0.007116882273112424,90,3.874301910400391e-06,0.05419921875
20,186.0,41.95,58141,0,-135.82199999999997,1,40960,0.008802287,1050.5072021484375,0.0001,-2.416809882223606,2163.5936950683595,0.2,-0.011467154661659151,95,2.9206275939941406e-06,0.0708984375
21,186.0,47.08,60808,0,-141.47599999999994,1,43008,0.008791363,877.43896484375,0.0001,-2.4585794508457184,1742.1505531311036,0.2,-0.00890970960026607,100,4.887580871582031e-06,0.10654296875
22,186.0,49.08,63424,0,-144.68999999999994,1,45056,0.010597952,1821.669921875,0.0001,-2.4886199489235876,2233.2057037353516,0.2,-0.006664708440075629,105,1.2278556823730469e-05,0.080078125
23,186.0,43.49,66020,0,-141.73199999999997,1,47104,0.011869196,579.5662841796875,0.0001,-2.516671875119209,1725.4005058288574,0.2,-0.009081967000383884,110,3.427267074584961e-05,0.09560546875
24,90.0,43.23,68500,0,-140.27599999999995,1,49152,0.013626054,915.5119018554688,0.0001,-2.517979346215725,1606.9959888458252,0.2,-0.009153002098173602,115,5.3048133850097656e-05,0.10595703125
25,90.0,46.78,70895,0,-139.474,1,51200,0.011352112,618.0223388671875,0.0001,-2.5778300687670708,1574.6257598876953,0.2,-0.01051359171688091,120,0.002390563488006592,0.1025390625
26,90.0,50.24,73335,0,-141.04599999999996,1,53248,0.013388711,453.4363708496094,0.0001,-2.5718707591295242,1332.0378841400147,0.2,-0.019606785298674368,125,0.016858041286468506,0.1595703125
27,90.0,46.09,75764,0,-143.29999999999995,1,55296,0.010453356,523.1243286132812,0.0001,-2.5890952438116073,1072.192609024048,0.2,-0.011991823586868122,130,0.022779464721679688,0.11748046875
28,90.0,44.31,78176,0,-144.74799999999996,1,57344,0.008078657,528.03173828125,0.0001,-2.5755250632762907,1618.3049194335938,0.2,-0.009060656276415103,135,0.03647524118423462,0.029296875
29,186.0,48.41,80555,0,-143.09399999999994,1,59392,0.0061995815,435.052001953125,0.0001,-2.575265835225582,1154.1621959686279,0.2,-0.007651468884432688,140,0.025985121726989746,0.0224609375
30,186.0,52.19,82809,0,-141.18399999999997,1,61440,0.0068796882,710.412841796875,0.0001,-2.5776795372366905,1069.9673984527587,0.2,-0.008660275960573926,145,0.03957521915435791,0.0505859375
31,186.0,53.64,85114,0,-140.13199999999995,1,63488,0.00831373,612.8261108398438,0.0001,-2.576764975488186,1055.8238357543946,0.2,-0.009995987301226705,150,0.05294013023376465,0.0482421875
32,186.0,49.16,87372,0,-135.02999999999997,1,65536,0.007318461,740.5119018554688,0.0001,-2.5873711913824082,1046.3924446105957,0.2,-0.005971172836143524,155,0.07409340143203735,0.0423828125
33,186.0,45.98,89599,0,-134.89,1,67584,0.005141983,790.0325927734375,0.0001,-2.5809298276901247,1178.6760204315185,0.2,-0.006644793544546701,160,0.07233220338821411,0.01669921875
